{
  "controller/BaseController-dbg.js": 1751370468561,
  "Component.js": 1751370468561,
  "controller/Home.controller.js": 1751370468561,
  "controller/BaseController.js": 1751370468561,
  "controller/App.controller.js": 1751370468561,
  "manifest.json": 1751432712624,
  "model/models.js": 1751370468561,
  "i18n/i18n.properties": 1751432712628,
  "controller/BaseController.js.map": 1751432869178,
  "controller/Home-dbg.controller.js": 1751370468561,
  "controller/Home.controller.js.map": 1751432869182,
  "Component-dbg.js": 1751370468561,
  "Component.js.map": 1751432869180,
  "controller/App-dbg.controller.js": 1751370468561,
  "controller/App.controller.js.map": 1751432869171,
  "model/models-dbg.js": 1751370468561,
  "model/models.js.map": 1751432869174,
  "Component-preload.js": 1751432869256,
  "Component-preload.js.map": 1751432869256,
  "view/Home.view.xml": 1751370468561,
  "view/App.view.xml": 1751370468561,
  "css/style.css": 1751370468561,
  "index.html": 1751370468561
}