{
  "controller/Home-dbg.controller.js": 1751027795506,
  "model/models.js": 1751021073792,
  "controller/Home.controller.js": 1751027795506,
  "controller/BaseController.js": 1751021167540,
  "controller/App.controller.js": 1751021073796,
  "manifest.json": 1751022300552,
  "Component.js": 1751021073792,
  "model/models-dbg.js": 1751021073792,
  "model/models.js.map": 1751027877242,
  "i18n/i18n.properties": 1751022300556,
  "controller/Home.controller.js.map": 1751027877254,
  "controller/BaseController-dbg.js": 1751021167540,
  "controller/BaseController.js.map": 1751027877242,
  "controller/App-dbg.controller.js": 1751021073796,
  "controller/App.controller.js.map": 1751027877242,
  "Component-dbg.js": 1751021073792,
  "Component.js.map": 1751027877245,
  "Component-preload.js": 1751027877403,
  "Component-preload.js.map": 1751027877403,
  "view/Home.view.xml": 1751027699762,
  "view/App.view.xml": 1751021073800,
  "css/style.css": 1751021073800,
  "index.html": 1751021073792
}