{
  "controller/App.controller.js": 1751370468561,
  "controller/BaseController.js": 1751461491471,
  "controller/Home.controller.js": 1751461400910,
  "model/models.js": 1751370468561,
  "i18n/i18n.properties": 1751432712628,
  "manifest.json": 1751432712624,
  "Component.js": 1751370468561,
  "model/models-dbg.js": 1751370468561,
  "model/models.js.map": 1751530318505,
  "controller/Home-dbg.controller.js": 1751461400910,
  "controller/Home.controller.js.map": 1751530318518,
  "controller/BaseController-dbg.js": 1751461491471,
  "controller/BaseController.js.map": 1751530318507,
  "controller/App-dbg.controller.js": 1751370468561,
  "controller/App.controller.js.map": 1751530318511,
  "Component-dbg.js": 1751370468561,
  "Component.js.map": 1751530318508,
  "Component-preload.js": 1751530318593,
  "Component-preload.js.map": 1751530318593,
  "view/Home.view.xml": 1751370468561,
  "view/App.view.xml": 1751370468561,
  "css/style.css": 1751370468561,
  "index.html": 1751370468561
}